Issue ID,Description,State,Severity,Story Points,Project Path,Location Kind,Path,Line,Column,Incident ID,Help Link,Assembly Name,Assembly Version,Assembly Public Key,Snippet
NuGet.0003,NuGet package functionality is included with framework reference,Active,Mandatory,1,AspNetCoreMvc\AspNetCoreMvc.csproj,File,AspNetCoreMvc\AspNetCoreMvc.csproj,,,System.Net.Http 4.3.4,,,,,"System.Net.Http, 4.3.4  Recommendation:  Package functionality included with new framework reference"
NuGet.0003,NuGet package functionality is included with framework reference,Active,Mandatory,1,AspNetCoreMvc\AspNetCoreMvc.csproj,File,AspNetCoreMvc\AspNetCoreMvc.csproj,,,System.Text.RegularExpressions 4.3.1,,,,,"System.Text.RegularExpressions, 4.3.1  Recommendation:  Package functionality included with new framework reference"
Project.0002,Project's target framework(s) needs to be changed,Active,Mandatory,1,AspNetCoreMvc\AspNetCoreMvc.csproj,File,AspNetCoreMvc\AspNetCoreMvc.csproj,,,,,,,,Current target framework: net6.0 Recommended target framework: net10.0
NuGet.0002,NuGet package upgrade is recommended,Active,Potential,1,AspNetWebForms\AspNetWebForms.csproj,File,AspNetWebForms\AspNetWebForms.csproj,,,Antlr 3.5.0.2,,,,,"Antlr, 3.5.0.2  Recommendation:  Remove Antlr, and replace with new package Antlr4 4.6.6"
NuGet.0001,NuGet package is incompatible,Active,Mandatory,1,AspNetWebForms\AspNetWebForms.csproj,File,AspNetWebForms\AspNetWebForms.csproj,,,AspNet.ScriptManager.jQuery 3.5.0,,,,,"AspNet.ScriptManager.jQuery, 3.5.0  Recommendation:  No supported version found"
NuGet.0001,NuGet package is incompatible,Active,Mandatory,1,AspNetWebForms\AspNetWebForms.csproj,File,AspNetWebForms\AspNetWebForms.csproj,,,Microsoft.AspNet.FriendlyUrls 1.0.2,,,,,"Microsoft.AspNet.FriendlyUrls, 1.0.2  Recommendation:  No supported version found"
NuGet.0001,NuGet package is incompatible,Active,Mandatory,1,AspNetWebForms\AspNetWebForms.csproj,File,AspNetWebForms\AspNetWebForms.csproj,,,Microsoft.AspNet.FriendlyUrls.Core 1.0.2,,,,,"Microsoft.AspNet.FriendlyUrls.Core, 1.0.2  Recommendation:  No supported version found"
NuGet.0001,NuGet package is incompatible,Active,Mandatory,1,AspNetWebForms\AspNetWebForms.csproj,File,AspNetWebForms\AspNetWebForms.csproj,,,Microsoft.AspNet.ScriptManager.MSAjax 5.0.0,,,,,"Microsoft.AspNet.ScriptManager.MSAjax, 5.0.0  Recommendation:  No supported version found"
NuGet.0001,NuGet package is incompatible,Active,Mandatory,1,AspNetWebForms\AspNetWebForms.csproj,File,AspNetWebForms\AspNetWebForms.csproj,,,Microsoft.AspNet.ScriptManager.WebForms 5.0.0,,,,,"Microsoft.AspNet.ScriptManager.WebForms, 5.0.0  Recommendation:  No supported version found"
NuGet.0001,NuGet package is incompatible,Active,Mandatory,1,AspNetWebForms\AspNetWebForms.csproj,File,AspNetWebForms\AspNetWebForms.csproj,,,Microsoft.AspNet.Web.Optimization 1.1.3,,,,,"Microsoft.AspNet.Web.Optimization, 1.1.3  Recommendation:  No supported version found"
NuGet.0001,NuGet package is incompatible,Active,Mandatory,1,AspNetWebForms\AspNetWebForms.csproj,File,AspNetWebForms\AspNetWebForms.csproj,,,Microsoft.AspNet.Web.Optimization.WebForms 1.1.3,,,,,"Microsoft.AspNet.Web.Optimization.WebForms, 1.1.3  Recommendation:  No supported version found"
NuGet.0003,NuGet package functionality is included with framework reference,Active,Mandatory,1,AspNetWebForms\AspNetWebForms.csproj,File,AspNetWebForms\AspNetWebForms.csproj,,,Microsoft.CodeDom.Providers.DotNetCompilerPlatform 2.0.1,,,,,"Microsoft.CodeDom.Providers.DotNetCompilerPlatform, 2.0.1  Recommendation:  Package functionality included with new framework reference"
NuGet.0003,NuGet package functionality is included with framework reference,Active,Mandatory,1,AspNetWebForms\AspNetWebForms.csproj,File,AspNetWebForms\AspNetWebForms.csproj,,,Microsoft.Web.Infrastructure 2.0.1,,,,,"Microsoft.Web.Infrastructure, 2.0.1  Recommendation:  Package functionality included with new framework reference"
NuGet.0002,NuGet package upgrade is recommended,Active,Potential,1,AspNetWebForms\AspNetWebForms.csproj,File,AspNetWebForms\AspNetWebForms.csproj,,,Newtonsoft.Json 13.0.1,,,,,"Newtonsoft.Json, 13.0.1  Recommendation:  Remove Newtonsoft.Json, and replace with new package Newtonsoft.Json 13.0.4"
NuGet.0005,NuGet package is deprecated,Active,Optional,1,AspNetWebForms\AspNetWebForms.csproj,File,AspNetWebForms\AspNetWebForms.csproj,,,Microsoft.AspNet.Web.Optimization 1.1.3,,,,,"Microsoft.AspNet.Web.Optimization, 1.1.3  Recommendation:  Should be replaced. Remove Microsoft.AspNet.Web.Optimization, and replace with new package LigerShark.WebOptimizer.Core, 3.0.477"
Project.0001,Project file needs to be converted to SDK-style,Active,Mandatory,1,AspNetWebForms\AspNetWebForms.csproj,File,AspNetWebForms\AspNetWebForms.csproj,,,,,,,,
Project.0002,Project's target framework(s) needs to be changed,Active,Mandatory,1,AspNetWebForms\AspNetWebForms.csproj,File,AspNetWebForms\AspNetWebForms.csproj,,,,,,,,"Current target framework: .NETFramework,Version=v4.8 Recommended target framework: net10.0"
Feature.0001,System.Web.Optimization bundling and minification is not supported in .NET Core and should be replaced with actual html tags pointing to content files,Active,Mandatory,1,AspNetWebForms\AspNetWebForms.csproj,File,AspNetWebForms\App_Start\BundleConfig.cs,,,,,,,,
Feature.1000,Convert application initialization code from Global.asax.cs to .NET Core and clean up Global.asax.cs,Active,Mandatory,1,AspNetWebForms\AspNetWebForms.csproj,File,AspNetWebForms\Global.asax.cs,,,,,,,,
Feature.0002,Routes registration via RouteCollection is not supported in .NET Core and needs to be converted to the route mappings on the application object,Active,Mandatory,1,AspNetWebForms\AspNetWebForms.csproj,File,AspNetWebForms\Global.asax.cs,,,,,,,,
Feature.0002,Routes registration via RouteCollection is not supported in .NET Core and needs to be converted to the route mappings on the application object,Active,Mandatory,1,AspNetWebForms\AspNetWebForms.csproj,File,AspNetWebForms\App_Start\RouteConfig.cs,,,,,,,,
Api.0001,Binary incompatible for selected .NET version,Active,Mandatory,1,AspNetWebForms\AspNetWebForms.csproj,File,AspNetWebForms\App_Start\BundleConfig.cs,12,8,T:System.Web.Optimization.BundleCollection,,,,,public static void RegisterBundles(BundleCollection bundles)
Api.0001,Binary incompatible for selected .NET version,Active,Mandatory,1,AspNetWebForms\AspNetWebForms.csproj,File,AspNetWebForms\App_Start\BundleConfig.cs,33,12,T:System.Web.Optimization.ScriptBundle,,,,,"bundles.Add(new ScriptBundle(""~/bundles/modernizr"").Include(                              ""~/Scripts/modernizr-*""));"
Api.0001,Binary incompatible for selected .NET version,Active,Mandatory,1,AspNetWebForms\AspNetWebForms.csproj,File,AspNetWebForms\App_Start\BundleConfig.cs,33,12,M:System.Web.Optimization.ScriptBundle.#ctor(System.String),,,,,"bundles.Add(new ScriptBundle(""~/bundles/modernizr"").Include(                              ""~/Scripts/modernizr-*""));"
Api.0001,Binary incompatible for selected .NET version,Active,Mandatory,1,AspNetWebForms\AspNetWebForms.csproj,File,AspNetWebForms\App_Start\BundleConfig.cs,33,12,T:System.Web.Optimization.Bundle,,,,,"bundles.Add(new ScriptBundle(""~/bundles/modernizr"").Include(                              ""~/Scripts/modernizr-*""));"
Api.0001,Binary incompatible for selected .NET version,Active,Mandatory,1,AspNetWebForms\AspNetWebForms.csproj,File,AspNetWebForms\App_Start\BundleConfig.cs,33,12,"M:System.Web.Optimization.Bundle.Include(System.String,System.Web.Optimization.IItemTransform[])",,,,,"bundles.Add(new ScriptBundle(""~/bundles/modernizr"").Include(                              ""~/Scripts/modernizr-*""));"
Api.0001,Binary incompatible for selected .NET version,Active,Mandatory,1,AspNetWebForms\AspNetWebForms.csproj,File,AspNetWebForms\App_Start\BundleConfig.cs,33,12,M:System.Web.Optimization.BundleCollection.Add(System.Web.Optimization.Bundle),,,,,"bundles.Add(new ScriptBundle(""~/bundles/modernizr"").Include(                              ""~/Scripts/modernizr-*""));"
Api.0001,Binary incompatible for selected .NET version,Active,Mandatory,1,AspNetWebForms\AspNetWebForms.csproj,File,AspNetWebForms\App_Start\BundleConfig.cs,25,12,T:System.Web.Optimization.ScriptBundle,,,,,"bundles.Add(new ScriptBundle(""~/bundles/MsAjaxJs"").Include(                      ""~/Scripts/WebForms/MsAjax/MicrosoftAjax.js"",                      ""~/Scripts/WebForms/MsAjax/MicrosoftAjaxApplicationServices.js"",                      ""~/Scripts/WebForms/MsAjax/MicrosoftAjaxTimer.js"",                      ""~/Scripts/WebForms/MsAjax/MicrosoftAjaxWebForms.js""));"
Api.0001,Binary incompatible for selected .NET version,Active,Mandatory,1,AspNetWebForms\AspNetWebForms.csproj,File,AspNetWebForms\App_Start\BundleConfig.cs,25,12,M:System.Web.Optimization.ScriptBundle.#ctor(System.String),,,,,"bundles.Add(new ScriptBundle(""~/bundles/MsAjaxJs"").Include(                      ""~/Scripts/WebForms/MsAjax/MicrosoftAjax.js"",                      ""~/Scripts/WebForms/MsAjax/MicrosoftAjaxApplicationServices.js"",                      ""~/Scripts/WebForms/MsAjax/MicrosoftAjaxTimer.js"",                      ""~/Scripts/WebForms/MsAjax/MicrosoftAjaxWebForms.js""));"
Api.0001,Binary incompatible for selected .NET version,Active,Mandatory,1,AspNetWebForms\AspNetWebForms.csproj,File,AspNetWebForms\App_Start\BundleConfig.cs,25,12,T:System.Web.Optimization.Bundle,,,,,"bundles.Add(new ScriptBundle(""~/bundles/MsAjaxJs"").Include(                      ""~/Scripts/WebForms/MsAjax/MicrosoftAjax.js"",                      ""~/Scripts/WebForms/MsAjax/MicrosoftAjaxApplicationServices.js"",                      ""~/Scripts/WebForms/MsAjax/MicrosoftAjaxTimer.js"",                      ""~/Scripts/WebForms/MsAjax/MicrosoftAjaxWebForms.js""));"
Api.0001,Binary incompatible for selected .NET version,Active,Mandatory,1,AspNetWebForms\AspNetWebForms.csproj,File,AspNetWebForms\App_Start\BundleConfig.cs,25,12,M:System.Web.Optimization.Bundle.Include(System.String[]),,,,,"bundles.Add(new ScriptBundle(""~/bundles/MsAjaxJs"").Include(                      ""~/Scripts/WebForms/MsAjax/MicrosoftAjax.js"",                      ""~/Scripts/WebForms/MsAjax/MicrosoftAjaxApplicationServices.js"",                      ""~/Scripts/WebForms/MsAjax/MicrosoftAjaxTimer.js"",                      ""~/Scripts/WebForms/MsAjax/MicrosoftAjaxWebForms.js""));"
Api.0001,Binary incompatible for selected .NET version,Active,Mandatory,1,AspNetWebForms\AspNetWebForms.csproj,File,AspNetWebForms\App_Start\BundleConfig.cs,25,12,M:System.Web.Optimization.BundleCollection.Add(System.Web.Optimization.Bundle),,,,,"bundles.Add(new ScriptBundle(""~/bundles/MsAjaxJs"").Include(                      ""~/Scripts/WebForms/MsAjax/MicrosoftAjax.js"",                      ""~/Scripts/WebForms/MsAjax/MicrosoftAjaxApplicationServices.js"",                      ""~/Scripts/WebForms/MsAjax/MicrosoftAjaxTimer.js"",                      ""~/Scripts/WebForms/MsAjax/MicrosoftAjaxWebForms.js""));"
Api.0001,Binary incompatible for selected .NET version,Active,Mandatory,1,AspNetWebForms\AspNetWebForms.csproj,File,AspNetWebForms\App_Start\BundleConfig.cs,14,12,T:System.Web.Optimization.ScriptBundle,,,,,"bundles.Add(new ScriptBundle(""~/bundles/WebFormsJs"").Include(                              ""~/Scripts/WebForms/WebForms.js"",                              ""~/Scripts/WebForms/WebUIValidation.js"",                              ""~/Scripts/WebForms/MenuStandards.js"",                              ""~/Scripts/WebForms/Focus.js"",                              ""~/Scripts/WebForms/GridView.js"",                              ""~/Scripts/WebForms/DetailsView.js"",                              ""~/Scripts/WebForms/TreeView.js"",                              ""~/Scripts/WebForms/WebParts.js""));"
Api.0001,Binary incompatible for selected .NET version,Active,Mandatory,1,AspNetWebForms\AspNetWebForms.csproj,File,AspNetWebForms\App_Start\BundleConfig.cs,14,12,M:System.Web.Optimization.ScriptBundle.#ctor(System.String),,,,,"bundles.Add(new ScriptBundle(""~/bundles/WebFormsJs"").Include(                              ""~/Scripts/WebForms/WebForms.js"",                              ""~/Scripts/WebForms/WebUIValidation.js"",                              ""~/Scripts/WebForms/MenuStandards.js"",                              ""~/Scripts/WebForms/Focus.js"",                              ""~/Scripts/WebForms/GridView.js"",                              ""~/Scripts/WebForms/DetailsView.js"",                              ""~/Scripts/WebForms/TreeView.js"",                              ""~/Scripts/WebForms/WebParts.js""));"
Api.0001,Binary incompatible for selected .NET version,Active,Mandatory,1,AspNetWebForms\AspNetWebForms.csproj,File,AspNetWebForms\App_Start\BundleConfig.cs,14,12,T:System.Web.Optimization.Bundle,,,,,"bundles.Add(new ScriptBundle(""~/bundles/WebFormsJs"").Include(                              ""~/Scripts/WebForms/WebForms.js"",                              ""~/Scripts/WebForms/WebUIValidation.js"",                              ""~/Scripts/WebForms/MenuStandards.js"",                              ""~/Scripts/WebForms/Focus.js"",                              ""~/Scripts/WebForms/GridView.js"",                              ""~/Scripts/WebForms/DetailsView.js"",                              ""~/Scripts/WebForms/TreeView.js"",                              ""~/Scripts/WebForms/WebParts.js""));"
Api.0001,Binary incompatible for selected .NET version,Active,Mandatory,1,AspNetWebForms\AspNetWebForms.csproj,File,AspNetWebForms\App_Start\BundleConfig.cs,14,12,M:System.Web.Optimization.Bundle.Include(System.String[]),,,,,"bundles.Add(new ScriptBundle(""~/bundles/WebFormsJs"").Include(                              ""~/Scripts/WebForms/WebForms.js"",                              ""~/Scripts/WebForms/WebUIValidation.js"",                              ""~/Scripts/WebForms/MenuStandards.js"",                              ""~/Scripts/WebForms/Focus.js"",                              ""~/Scripts/WebForms/GridView.js"",                              ""~/Scripts/WebForms/DetailsView.js"",                              ""~/Scripts/WebForms/TreeView.js"",                              ""~/Scripts/WebForms/WebParts.js""));"
Api.0001,Binary incompatible for selected .NET version,Active,Mandatory,1,AspNetWebForms\AspNetWebForms.csproj,File,AspNetWebForms\App_Start\BundleConfig.cs,14,12,M:System.Web.Optimization.BundleCollection.Add(System.Web.Optimization.Bundle),,,,,"bundles.Add(new ScriptBundle(""~/bundles/WebFormsJs"").Include(                              ""~/Scripts/WebForms/WebForms.js"",                              ""~/Scripts/WebForms/WebUIValidation.js"",                              ""~/Scripts/WebForms/MenuStandards.js"",                              ""~/Scripts/WebForms/Focus.js"",                              ""~/Scripts/WebForms/GridView.js"",                              ""~/Scripts/WebForms/DetailsView.js"",                              ""~/Scripts/WebForms/TreeView.js"",                              ""~/Scripts/WebForms/WebParts.js""));"
Api.0001,Binary incompatible for selected .NET version,Active,Mandatory,1,AspNetWebForms\AspNetWebForms.csproj,File,AspNetWebForms\Contact.aspx.cs,9,35,M:System.Web.UI.Page.#ctor,,,,,Page
Api.0001,Binary incompatible for selected .NET version,Active,Mandatory,1,AspNetWebForms\AspNetWebForms.csproj,File,AspNetWebForms\Contact.aspx.cs,9,35,T:System.Web.UI.Page,,,,,Page
Api.0001,Binary incompatible for selected .NET version,Active,Mandatory,1,AspNetWebForms\AspNetWebForms.csproj,File,AspNetWebForms\Default.aspx.cs,9,36,M:System.Web.UI.Page.#ctor,,,,,Page
Api.0001,Binary incompatible for selected .NET version,Active,Mandatory,1,AspNetWebForms\AspNetWebForms.csproj,File,AspNetWebForms\Default.aspx.cs,9,36,T:System.Web.UI.Page,,,,,Page
Api.0001,Binary incompatible for selected .NET version,Active,Mandatory,1,AspNetWebForms\AspNetWebForms.csproj,File,AspNetWebForms\App_Start\RouteConfig.cs,10,8,T:System.Web.Routing.RouteCollection,,,,,public static void RegisterRoutes(RouteCollection routes)
Api.0001,Binary incompatible for selected .NET version,Active,Mandatory,1,AspNetWebForms\AspNetWebForms.csproj,File,AspNetWebForms\App_Start\RouteConfig.cs,14,12,T:Microsoft.AspNet.FriendlyUrls.RouteCollectionExtensions,,,,,routes.EnableFriendlyUrls(settings);
Api.0001,Binary incompatible for selected .NET version,Active,Mandatory,1,AspNetWebForms\AspNetWebForms.csproj,File,AspNetWebForms\App_Start\RouteConfig.cs,14,12,"M:Microsoft.AspNet.FriendlyUrls.RouteCollectionExtensions.EnableFriendlyUrls(System.Web.Routing.RouteCollection,Microsoft.AspNet.FriendlyUrls.FriendlyUrlSettings)",,,,,routes.EnableFriendlyUrls(settings);
Api.0001,Binary incompatible for selected .NET version,Active,Mandatory,1,AspNetWebForms\AspNetWebForms.csproj,File,AspNetWebForms\App_Start\RouteConfig.cs,13,12,T:Microsoft.AspNet.FriendlyUrls.RedirectMode,,,,,settings.AutoRedirectMode = RedirectMode.Permanent;
Api.0001,Binary incompatible for selected .NET version,Active,Mandatory,1,AspNetWebForms\AspNetWebForms.csproj,File,AspNetWebForms\App_Start\RouteConfig.cs,13,12,T:Microsoft.AspNet.FriendlyUrls.RedirectMode,,,,,settings.AutoRedirectMode = RedirectMode.Permanent;
Api.0001,Binary incompatible for selected .NET version,Active,Mandatory,1,AspNetWebForms\AspNetWebForms.csproj,File,AspNetWebForms\App_Start\RouteConfig.cs,13,12,F:Microsoft.AspNet.FriendlyUrls.RedirectMode.Permanent,,,,,settings.AutoRedirectMode = RedirectMode.Permanent;
Api.0001,Binary incompatible for selected .NET version,Active,Mandatory,1,AspNetWebForms\AspNetWebForms.csproj,File,AspNetWebForms\App_Start\RouteConfig.cs,13,12,T:Microsoft.AspNet.FriendlyUrls.RedirectMode,,,,,settings.AutoRedirectMode = RedirectMode.Permanent;
Api.0001,Binary incompatible for selected .NET version,Active,Mandatory,1,AspNetWebForms\AspNetWebForms.csproj,File,AspNetWebForms\App_Start\RouteConfig.cs,13,12,P:Microsoft.AspNet.FriendlyUrls.FriendlyUrlSettings.AutoRedirectMode,,,,,settings.AutoRedirectMode = RedirectMode.Permanent;
Api.0001,Binary incompatible for selected .NET version,Active,Mandatory,1,AspNetWebForms\AspNetWebForms.csproj,File,AspNetWebForms\App_Start\RouteConfig.cs,12,12,T:Microsoft.AspNet.FriendlyUrls.FriendlyUrlSettings,,,,,var settings = new FriendlyUrlSettings();
Api.0001,Binary incompatible for selected .NET version,Active,Mandatory,1,AspNetWebForms\AspNetWebForms.csproj,File,AspNetWebForms\App_Start\RouteConfig.cs,12,12,M:Microsoft.AspNet.FriendlyUrls.FriendlyUrlSettings.#ctor,,,,,var settings = new FriendlyUrlSettings();
Api.0001,Binary incompatible for selected .NET version,Active,Mandatory,1,AspNetWebForms\AspNetWebForms.csproj,File,AspNetWebForms\Site.Master.cs,9,12,M:System.Web.UI.Control.DataBind,,,,,DataBind();
Api.0001,Binary incompatible for selected .NET version,Active,Mandatory,1,AspNetWebForms\AspNetWebForms.csproj,File,AspNetWebForms\Site.Master.designer.cs,23,71,T:System.Web.UI.WebControls.ContentPlaceHolder,,,,,MainContent
Api.0001,Binary incompatible for selected .NET version,Active,Mandatory,1,AspNetWebForms\AspNetWebForms.csproj,File,AspNetWebForms\Site.Master.cs,5,38,M:System.Web.UI.MasterPage.#ctor,,,,,MasterPage
Api.0001,Binary incompatible for selected .NET version,Active,Mandatory,1,AspNetWebForms\AspNetWebForms.csproj,File,AspNetWebForms\Site.Master.cs,5,38,T:System.Web.UI.MasterPage,,,,,MasterPage
Api.0001,Binary incompatible for selected .NET version,Active,Mandatory,1,AspNetWebForms\AspNetWebForms.csproj,File,AspNetWebForms\ProductsOld.aspx.designer.cs,23,61,T:System.Web.UI.WebControls.Repeater,,,,,rProducts
Api.0001,Binary incompatible for selected .NET version,Active,Mandatory,1,AspNetWebForms\AspNetWebForms.csproj,File,AspNetWebForms\ProductsOld.aspx.cs,20,12,T:System.Web.UI.WebControls.Repeater,,,,,rProducts.DataBind();
Api.0001,Binary incompatible for selected .NET version,Active,Mandatory,1,AspNetWebForms\AspNetWebForms.csproj,File,AspNetWebForms\ProductsOld.aspx.cs,20,12,M:System.Web.UI.WebControls.Repeater.DataBind,,,,,rProducts.DataBind();
Api.0001,Binary incompatible for selected .NET version,Active,Mandatory,1,AspNetWebForms\AspNetWebForms.csproj,File,AspNetWebForms\ProductsOld.aspx.cs,19,12,T:System.Web.UI.WebControls.Repeater,,,,,rProducts.DataSource = products;
Api.0001,Binary incompatible for selected .NET version,Active,Mandatory,1,AspNetWebForms\AspNetWebForms.csproj,File,AspNetWebForms\ProductsOld.aspx.cs,19,12,P:System.Web.UI.WebControls.Repeater.DataSource,,,,,rProducts.DataSource = products;
Api.0001,Binary incompatible for selected .NET version,Active,Mandatory,1,AspNetWebForms\AspNetWebForms.csproj,File,AspNetWebForms\ProductsOld.aspx.cs,9,12,P:System.Web.UI.Page.IsPostBack,,,,,if (!IsPostBack)              {                  BindProductsRepeater();              }
Api.0001,Binary incompatible for selected .NET version,Active,Mandatory,1,AspNetWebForms\AspNetWebForms.csproj,File,AspNetWebForms\ProductsOld.aspx.cs,5,50,M:System.Web.UI.Page.#ctor,,,,,Page
Api.0001,Binary incompatible for selected .NET version,Active,Mandatory,1,AspNetWebForms\AspNetWebForms.csproj,File,AspNetWebForms\ProductsOld.aspx.cs,5,50,T:System.Web.UI.Page,,,,,Page
Api.0002,Source incompatible for selected .NET version,Active,Potential,1,AspNetWebForms\AspNetWebForms.csproj,File,AspNetWebForms\Global.asax.cs,18,12,T:System.Configuration.ConfigurationManager,,,,,"string connectionString = ConfigurationManager.ConnectionStrings[""DefaultConnection""].ConnectionString;"
Api.0002,Source incompatible for selected .NET version,Active,Potential,1,AspNetWebForms\AspNetWebForms.csproj,File,AspNetWebForms\Global.asax.cs,18,12,T:System.Configuration.ConnectionStringSettingsCollection,,,,,"string connectionString = ConfigurationManager.ConnectionStrings[""DefaultConnection""].ConnectionString;"
Api.0002,Source incompatible for selected .NET version,Active,Potential,1,AspNetWebForms\AspNetWebForms.csproj,File,AspNetWebForms\Global.asax.cs,18,12,P:System.Configuration.ConfigurationManager.ConnectionStrings,,,,,"string connectionString = ConfigurationManager.ConnectionStrings[""DefaultConnection""].ConnectionString;"
Api.0002,Source incompatible for selected .NET version,Active,Potential,1,AspNetWebForms\AspNetWebForms.csproj,File,AspNetWebForms\Global.asax.cs,18,12,T:System.Configuration.ConnectionStringSettings,,,,,"string connectionString = ConfigurationManager.ConnectionStrings[""DefaultConnection""].ConnectionString;"
Api.0002,Source incompatible for selected .NET version,Active,Potential,1,AspNetWebForms\AspNetWebForms.csproj,File,AspNetWebForms\Global.asax.cs,18,12,P:System.Configuration.ConnectionStringSettingsCollection.Item(System.String),,,,,"string connectionString = ConfigurationManager.ConnectionStrings[""DefaultConnection""].ConnectionString;"
Api.0002,Source incompatible for selected .NET version,Active,Potential,1,AspNetWebForms\AspNetWebForms.csproj,File,AspNetWebForms\Global.asax.cs,18,12,P:System.Configuration.ConnectionStringSettings.ConnectionString,,,,,"string connectionString = ConfigurationManager.ConnectionStrings[""DefaultConnection""].ConnectionString;"
Api.0001,Binary incompatible for selected .NET version,Active,Mandatory,1,AspNetWebForms\AspNetWebForms.csproj,File,AspNetWebForms\Global.asax.cs,16,12,T:System.Web.Optimization.BundleTable,,,,,BundleConfig.RegisterBundles(BundleTable.Bundles);
Api.0001,Binary incompatible for selected .NET version,Active,Mandatory,1,AspNetWebForms\AspNetWebForms.csproj,File,AspNetWebForms\Global.asax.cs,16,12,T:System.Web.Optimization.BundleCollection,,,,,BundleConfig.RegisterBundles(BundleTable.Bundles);
Api.0001,Binary incompatible for selected .NET version,Active,Mandatory,1,AspNetWebForms\AspNetWebForms.csproj,File,AspNetWebForms\Global.asax.cs,16,12,P:System.Web.Optimization.BundleTable.Bundles,,,,,BundleConfig.RegisterBundles(BundleTable.Bundles);
Api.0001,Binary incompatible for selected .NET version,Active,Mandatory,1,AspNetWebForms\AspNetWebForms.csproj,File,AspNetWebForms\Global.asax.cs,15,12,T:System.Web.Routing.RouteTable,,,,,RouteConfig.RegisterRoutes(RouteTable.Routes);
Api.0001,Binary incompatible for selected .NET version,Active,Mandatory,1,AspNetWebForms\AspNetWebForms.csproj,File,AspNetWebForms\Global.asax.cs,15,12,T:System.Web.Routing.RouteCollection,,,,,RouteConfig.RegisterRoutes(RouteTable.Routes);
Api.0001,Binary incompatible for selected .NET version,Active,Mandatory,1,AspNetWebForms\AspNetWebForms.csproj,File,AspNetWebForms\Global.asax.cs,15,12,P:System.Web.Routing.RouteTable.Routes,,,,,RouteConfig.RegisterRoutes(RouteTable.Routes);
Api.0002,Source incompatible for selected .NET version,Active,Potential,1,AspNetWebForms\AspNetWebForms.csproj,File,AspNetWebForms\Global.asax.cs,10,26,M:System.Web.HttpApplication.#ctor,,,,,HttpApplication
Api.0002,Source incompatible for selected .NET version,Active,Potential,1,AspNetWebForms\AspNetWebForms.csproj,File,AspNetWebForms\Global.asax.cs,10,26,T:System.Web.HttpApplication,,,,,HttpApplication
Api.0001,Binary incompatible for selected .NET version,Active,Mandatory,1,AspNetWebForms\AspNetWebForms.csproj,File,AspNetWebForms\About.aspx.cs,9,33,M:System.Web.UI.Page.#ctor,,,,,Page
Api.0001,Binary incompatible for selected .NET version,Active,Mandatory,1,AspNetWebForms\AspNetWebForms.csproj,File,AspNetWebForms\About.aspx.cs,9,33,T:System.Web.UI.Page,,,,,Page
Api.0001,Binary incompatible for selected .NET version,Active,Mandatory,1,AspNetWebForms\AspNetWebForms.csproj,File,AspNetWebForms\Site.Mobile.Master.designer.cs,48,71,T:System.Web.UI.WebControls.ContentPlaceHolder,,,,,MainContent
Api.0001,Binary incompatible for selected .NET version,Active,Mandatory,1,AspNetWebForms\AspNetWebForms.csproj,File,AspNetWebForms\Site.Mobile.Master.designer.cs,39,71,T:System.Web.UI.WebControls.ContentPlaceHolder,,,,,FeaturedContent
Api.0001,Binary incompatible for selected .NET version,Active,Mandatory,1,AspNetWebForms\AspNetWebForms.csproj,File,AspNetWebForms\Site.Mobile.Master.designer.cs,30,62,T:System.Web.UI.HtmlControls.HtmlForm,,,,,form1
Api.0001,Binary incompatible for selected .NET version,Active,Mandatory,1,AspNetWebForms\AspNetWebForms.csproj,File,AspNetWebForms\Site.Mobile.Master.designer.cs,21,71,T:System.Web.UI.WebControls.ContentPlaceHolder,,,,,HeadContent
Api.0001,Binary incompatible for selected .NET version,Active,Mandatory,1,AspNetWebForms\AspNetWebForms.csproj,File,AspNetWebForms\Site.Mobile.Master.cs,9,53,M:System.Web.UI.MasterPage.#ctor,,,,,MasterPage
Api.0001,Binary incompatible for selected .NET version,Active,Mandatory,1,AspNetWebForms\AspNetWebForms.csproj,File,AspNetWebForms\Site.Mobile.Master.cs,9,53,T:System.Web.UI.MasterPage,,,,,MasterPage
Api.0002,Source incompatible for selected .NET version,Active,Potential,1,AspNetWebForms\AspNetWebForms.csproj,File,AspNetWebForms\ViewSwitcher.ascx.cs,38,12,T:System.Web.HttpRequest,,,,,"url += ""?ReturnUrl="" + HttpUtility.UrlEncode(Request.RawUrl);"
Api.0001,Binary incompatible for selected .NET version,Active,Mandatory,1,AspNetWebForms\AspNetWebForms.csproj,File,AspNetWebForms\ViewSwitcher.ascx.cs,38,12,P:System.Web.UI.UserControl.Request,,,,,"url += ""?ReturnUrl="" + HttpUtility.UrlEncode(Request.RawUrl);"
Api.0002,Source incompatible for selected .NET version,Active,Potential,1,AspNetWebForms\AspNetWebForms.csproj,File,AspNetWebForms\ViewSwitcher.ascx.cs,38,12,P:System.Web.HttpRequest.RawUrl,,,,,"url += ""?ReturnUrl="" + HttpUtility.UrlEncode(Request.RawUrl);"
Api.0001,Binary incompatible for selected .NET version,Active,Mandatory,1,AspNetWebForms\AspNetWebForms.csproj,File,AspNetWebForms\ViewSwitcher.ascx.cs,37,12,"M:System.Web.UI.Control.GetRouteUrl(System.String,System.Object)",,,,,"var url = GetRouteUrl(switchViewRouteName, new { view = AlternateView, __FriendlyUrls_SwitchViews = true });"
Api.0001,Binary incompatible for selected .NET version,Active,Mandatory,1,AspNetWebForms\AspNetWebForms.csproj,File,AspNetWebForms\ViewSwitcher.ascx.cs,34,16,P:System.Web.UI.Control.Visible,,,,,this.Visible = false;
Api.0001,Binary incompatible for selected .NET version,Active,Mandatory,1,AspNetWebForms\AspNetWebForms.csproj,File,AspNetWebForms\ViewSwitcher.ascx.cs,30,12,T:System.Web.Routing.RouteTable,,,,,var switchViewRoute = RouteTable.Routes[switchViewRouteName];
Api.0001,Binary incompatible for selected .NET version,Active,Mandatory,1,AspNetWebForms\AspNetWebForms.csproj,File,AspNetWebForms\ViewSwitcher.ascx.cs,30,12,T:System.Web.Routing.RouteCollection,,,,,var switchViewRoute = RouteTable.Routes[switchViewRouteName];
Api.0001,Binary incompatible for selected .NET version,Active,Mandatory,1,AspNetWebForms\AspNetWebForms.csproj,File,AspNetWebForms\ViewSwitcher.ascx.cs,30,12,P:System.Web.Routing.RouteTable.Routes,,,,,var switchViewRoute = RouteTable.Routes[switchViewRouteName];
Api.0001,Binary incompatible for selected .NET version,Active,Mandatory,1,AspNetWebForms\AspNetWebForms.csproj,File,AspNetWebForms\ViewSwitcher.ascx.cs,30,12,T:System.Web.Routing.RouteBase,,,,,var switchViewRoute = RouteTable.Routes[switchViewRouteName];
Api.0001,Binary incompatible for selected .NET version,Active,Mandatory,1,AspNetWebForms\AspNetWebForms.csproj,File,AspNetWebForms\ViewSwitcher.ascx.cs,30,12,P:System.Web.Routing.RouteCollection.Item(System.String),,,,,var switchViewRoute = RouteTable.Routes[switchViewRouteName];
Api.0002,Source incompatible for selected .NET version,Active,Potential,1,AspNetWebForms\AspNetWebForms.csproj,File,AspNetWebForms\ViewSwitcher.ascx.cs,22,12,T:System.Web.HttpContext,,,,,var isMobile = WebFormsFriendlyUrlResolver.IsMobileView(new HttpContextWrapper(Context));
Api.0001,Binary incompatible for selected .NET version,Active,Mandatory,1,AspNetWebForms\AspNetWebForms.csproj,File,AspNetWebForms\ViewSwitcher.ascx.cs,22,12,P:System.Web.UI.Control.Context,,,,,var isMobile = WebFormsFriendlyUrlResolver.IsMobileView(new HttpContextWrapper(Context));
Api.0002,Source incompatible for selected .NET version,Active,Potential,1,AspNetWebForms\AspNetWebForms.csproj,File,AspNetWebForms\ViewSwitcher.ascx.cs,22,12,T:System.Web.HttpContextWrapper,,,,,var isMobile = WebFormsFriendlyUrlResolver.IsMobileView(new HttpContextWrapper(Context));
Api.0002,Source incompatible for selected .NET version,Active,Potential,1,AspNetWebForms\AspNetWebForms.csproj,File,AspNetWebForms\ViewSwitcher.ascx.cs,22,12,M:System.Web.HttpContextWrapper.#ctor(System.Web.HttpContext),,,,,var isMobile = WebFormsFriendlyUrlResolver.IsMobileView(new HttpContextWrapper(Context));
Api.0001,Binary incompatible for selected .NET version,Active,Mandatory,1,AspNetWebForms\AspNetWebForms.csproj,File,AspNetWebForms\ViewSwitcher.ascx.cs,22,12,T:Microsoft.AspNet.FriendlyUrls.Resolvers.WebFormsFriendlyUrlResolver,,,,,var isMobile = WebFormsFriendlyUrlResolver.IsMobileView(new HttpContextWrapper(Context));
Api.0001,Binary incompatible for selected .NET version,Active,Mandatory,1,AspNetWebForms\AspNetWebForms.csproj,File,AspNetWebForms\ViewSwitcher.ascx.cs,22,12,M:Microsoft.AspNet.FriendlyUrls.Resolvers.WebFormsFriendlyUrlResolver.IsMobileView(System.Web.HttpContextBase),,,,,var isMobile = WebFormsFriendlyUrlResolver.IsMobileView(new HttpContextWrapper(Context));
Api.0001,Binary incompatible for selected .NET version,Active,Mandatory,1,AspNetWebForms\AspNetWebForms.csproj,File,AspNetWebForms\ViewSwitcher.ascx.cs,11,54,M:System.Web.UI.UserControl.#ctor,,,,,UserControl
Api.0001,Binary incompatible for selected .NET version,Active,Mandatory,1,AspNetWebForms\AspNetWebForms.csproj,File,AspNetWebForms\ViewSwitcher.ascx.cs,11,54,T:System.Web.UI.UserControl,,,,,UserControl
